<?xml version="1.0" encoding="UTF-8"?>
<!DOCTYPE struts-config PUBLIC "-//Apache Software Foundation//DTD Struts 
Configuration 1.3//EN" "http://struts.apache.org/dtds/struts-config_1_3.dtd">
<struts-config>
	<form-beans>
		
		<form-bean name="danhSachMakerNameMasterForm" type="Form.DanhSachMakerNameMasterForm" />
		<form-bean name="makerNameMasterForm" type="Form.MakerNameMasterForm" />
	</form-beans>
	<action-mappings>
		
		<action input="/in.jsp" name="danhSachMakerNameMasterForm"
			path="/danh-sach" scope="request" type="Action.DanhSachMakerNameMasterAction">
			<forward name="dsMakerNameMaster" path="/in.jsp" />
		</action>
		 <action input="/addMakerNameMaster.jsp" name="makerNameMasterForm"
			path="/AddMakerNameMaster" scope="request" type="Action.AddMakerNameMaster" validate="true">
			<forward name="AddMakerNameMaster" path="/addMakerNameMaster.jsp" />
		
			<forward name="AddMakerNameMasterxong" path="/danh-sach.do" redirect="true"/>
		</action>
	</action-mappings>
	<message-resources parameter="Action.ApplicationResources" />
	
</struts-config>
